1,christina brown,christinabrown,Christina.Brown@gmail.com,"145 Fisher Plain Port Phillipville, OH 56904"
2,chad holloway,chadholloway,Chad.Holloway@gmail.com,"075 Samantha Mews Jeremiahberg, MD 35545"
3,phillip hall,philliphall,Phillip.Hall@gmail.com,"9349 Petersen Meadows Jonesland, WY 40858"
4,emily jackson,emilyjackson,Emily.Jackson@gmail.com,"PSC 0039, Box 7414 APO AE 01858"
5,mark dalton,markdalton,Mark.Dalton@gmail.com,"876 Gabriel Plaza Port Brandonburgh, DC 44886"
6,john mitchell,johnmitchell,John.Mitchell@gmail.com,"7247 April Ville Suite 533 West Christinashire, NM 20136"
7,nicholas howard,nicholashoward,Nicholas.Howard@gmail.com,"970 Patel Fort Callahanland, AZ 29356"
8,gregory jones,gregoryjones,Gregory.Jones@gmail.com,"715 John Falls Apt. 167 Alyssashire, KY 79697"
9,karen conley,karenconley,Karen.Conley@gmail.com,"1364 Michael Hill Suite 750 Madisontown, CT 37329"
10,matthew randall,matthewrandall,Matthew.Randall@gmail.com,"639 Theresa Causeway New Kimberly, OH 15747"
11,matthew walker,matthewwalker,Matthew.Walker@gmail.com,"9994 Denise Mills Suite 245 Samanthashire, ID 56928"
12,mrs. jennifer herrera,mrs.jennifer,Mrs..Jennifer@gmail.com,"789 Cynthia Canyon Suite 606 Robintown, MA 16782"
13,sabrina wang,sabrinawang,Sabrina.Wang@gmail.com,"2566 Emily Ports Suite 151 Jamesshire, LA 84360"
14,meredith lindsey,meredithlindsey,Meredith.Lindsey@gmail.com,"0125 Pamela Roads Suite 573 Robertview, TN 81130"
15,vernon gonzales,vernongonzales,Vernon.Gonzales@gmail.com,"8703 Amy Pike Garciachester, IA 27013"
16,jack myers,jackmyers,Jack.Myers@gmail.com,"3556 Tamara Road Apt. 376 North Maryshire, NC 83844"
17,vincent leonard,vincentleonard,Vincent.Leonard@gmail.com,"08849 Kevin Rapids New Baileytown, WY 45966"
18,joshua hansen,joshuahansen,Joshua.Hansen@gmail.com,Unit 9153 Box 5256 DPO AA 17953
19,miranda schroeder,mirandaschroeder,Miranda.Schroeder@gmail.com,"99833 Jason Unions Suite 828 Gabrielmouth, VT 17200"
20,justin gonzalez,justingonzalez,Justin.Gonzalez@gmail.com,"6493 Davis Walks Suite 766 New Robert, ME 32152"
21,matthew hardy,matthewhardy,Matthew.Hardy@gmail.com,"7653 Michelle Extensions Apt. 073 New Donald, AZ 84920"
22,john morrow,johnmorrow,John.Morrow@gmail.com,"3115 Ronald Radial Suite 453 Carrfort, OK 90593"
23,charles esparza,charlesesparza,Charles.Esparza@gmail.com,"0680 Adam Key South Chad, HI 15004"
24,nicholas dunn,nicholasdunn,Nicholas.Dunn@gmail.com,"61079 Thomas Shore Gardnerton, IN 15710"
25,miguel santiago,miguelsantiago,Miguel.Santiago@gmail.com,Unit 8487 Box 8033 DPO AE 08178
26,brian duke,brianduke,Brian.Duke@gmail.com,"400 Thompson Springs Port Amyland, AR 65691"
27,michael hernandez,michaelhernandez,Michael.Hernandez@gmail.com,"72374 Sandra Haven New Andrewstad, NV 94835"
28,lori campos,loricampos,Lori.Campos@gmail.com,"429 Angela Pike Apt. 389 Port Wanda, OR 44178"
29,sheila hubbard,sheilahubbard,Sheila.Hubbard@gmail.com,USNV Reyes FPO AE 86453
30,sheila holmes,sheilaholmes,Sheila.Holmes@gmail.com,"4518 Johnson Throughway Mayshaven, KS 69102"
31,courtney garcia dds,courtneygarcia,Courtney.Garcia@gmail.com,"794 James Freeway Mathewsfurt, MI 18712"
32,darren gray,darrengray,Darren.Gray@gmail.com,"95058 Powers Island Johnsonside, WA 89838"
33,mr. stanley davis,mr.stanley,Mr..Stanley@gmail.com,"47013 Caldwell Parkway Apt. 925 Davidsonmouth, OK 87204"
34,frances henry,franceshenry,Frances.Henry@gmail.com,USNS Fitzpatrick FPO AP 74170
35,james brooks,jamesbrooks,James.Brooks@gmail.com,"701 Tonya Hills Brittanyport, NJ 91013"
36,jessica graham,jessicagraham,Jessica.Graham@gmail.com,"65431 Harris Plaza Apt. 658 Hillhaven, NV 54338"
37,shannon tucker,shannontucker,Shannon.Tucker@gmail.com,"2643 Brian Lakes Aguirrebury, CA 70775"
38,debra franklin,debrafranklin,Debra.Franklin@gmail.com,"056 Richard Heights Suite 943 Port Kristibury, SD 75378"
39,george stout,georgestout,George.Stout@gmail.com,"50663 Stacy Isle Georgefurt, PA 81787"
40,jason kemp,jasonkemp,Jason.Kemp@gmail.com,"51005 Timothy Underpass Woodsburgh, VA 21674"
41,jennifer smith,jennifersmith,Jennifer.Smith@gmail.com,"783 Kimberly Court Apt. 695 East Sharon, TN 15847"
42,marco curtis,marcocurtis,Marco.Curtis@gmail.com,"10221 Paula Highway Suite 342 Garrisonmouth, HI 48762"
43,dennis rios,dennisrios,Dennis.Rios@gmail.com,"008 Rowland Plains Jacksonport, NH 34492"
44,oscar caldwell,oscarcaldwell,Oscar.Caldwell@gmail.com,"982 Andrew Underpass Suite 779 New Michaelshire, OH 97878"
45,david randall,davidrandall,David.Randall@gmail.com,"PSC 0949, Box 2041 APO AA 71725"
46,samuel sanders,samuelsanders,Samuel.Sanders@gmail.com,"6968 Harrison Meadows New Meganland, AL 47398"
47,eric marshall,ericmarshall,Eric.Marshall@gmail.com,"7729 Bradford Springs Apt. 296 Christieland, AL 52634"
48,kenneth miller,kennethmiller,Kenneth.Miller@gmail.com,"60602 Henderson Fords Apt. 764 North Frankhaven, HI 85863"
49,aaron estrada,aaronestrada,Aaron.Estrada@gmail.com,"48764 Clark Ramp Bradfordmouth, UT 55780"
50,juan hicks,juanhicks,Juan.Hicks@gmail.com,"80203 Walter Estates Suite 342 Port Dana, WA 52677"
